{"_wandb":{"runtime":36},"_timestamp":1.743450043828753e+09,"_runtime":36.216924,"_step":3,"loss":0.6123450931649619,"centralized_accuracy":0.7512}