{"loss":0.5970008358026084,"centralized_accuracy":0.7889,"_timestamp":1.7434499256607108e+09,"_runtime":36.538977,"_wandb":{"runtime":36},"_step":3}